Workbook

Sheet COI_CHAM_THI_TN
A1: STT | B1: Họ và tên | C1: Tổng_cộng | D1: Kiểm tra
A2: 1 | B2: Đinh Trọng Hiếu | C2: 19.4 | D2: =INDEX(DS_GIAOVIEN!B:B,MATCH(B2,DS_GIAOVIEN!B:B,0),1) -> Đinh Trọng Hiếu
A3: 2 | B3: Hồ Viết Thắng | C3: 2.7 | D3: =INDEX(DS_GIAOVIEN!B:B,MATCH(B3,DS_GIAOVIEN!B:B,0),1) -> Hồ Viết Thắng
A4: 3 | B4: Phan Văn Kỳ | C4: 10 | D4: =INDEX(DS_GIAOVIEN!B:B,MATCH(B4,DS_GIAOVIEN!B:B,0),1) -> Phan Văn Kỳ
A5: 4 | B5: Vũ Văn Quang | C5: 28 | D5: =INDEX(DS_GIAOVIEN!B:B,MATCH(B5,DS_GIAOVIEN!B:B,0),1) -> Vũ Văn Quang
A6: 5 | B6: Phạm Thúc Định | C6: 16 | D6: =INDEX(DS_GIAOVIEN!B:B,MATCH(B6,DS_GIAOVIEN!B:B,0),1) -> Phạm Thúc Định
A7: 6 | B7: Lê Ngọc Trung | C7: 22 | D7: =INDEX(DS_GIAOVIEN!B:B,MATCH(B7,DS_GIAOVIEN!B:B,0),1) -> Lê Ngọc Trung
A8: 7 | B8: Lâm Đức Sơn | C8: 13.8 | D8: =INDEX(DS_GIAOVIEN!B:B,MATCH(B8,DS_GIAOVIEN!B:B,0),1) -> Lâm Đức Sơn
A9: 8 | B9: Nguyễn Thị Ái Nhi | C9: 16.4 | D9: =INDEX(DS_GIAOVIEN!B:B,MATCH(B9,DS_GIAOVIEN!B:B,0),1) -> Nguyễn Thị Ái Nhi
A10: 9 | B10: Nguyễn Bá Hoàn | C10: 13 | D10: =INDEX(DS_GIAOVIEN!B:B,MATCH(B10,DS_GIAOVIEN!B:B,0),1) -> Nguyễn Bá Hoàn
A11: 10 | B11: Đặng Xuân Hạnh | C11: 12.1 | D11: =INDEX(DS_GIAOVIEN!B:B,MATCH(B11,DS_GIAOVIEN!B:B,0),1) -> Đặng Xuân Hạnh
A12: 11 | B12: Trần Thanh Dũng | C12: 14.5 | D12: =INDEX(DS_GIAOVIEN!B:B,MATCH(B12,DS_GIAOVIEN!B:B,0),1) -> Trần Thanh Dũng
A13: 12 | B13: Nguyễn Thị Thu Hà | C13: 29.1 | D13: =INDEX(DS_GIAOVIEN!B:B,MATCH(B13,DS_GIAOVIEN!B:B,0),1) -> Nguyễn Thị Thu Hà
... A124: 123 | B124: H' Diện Niê | C124: 3.7 | D124: =INDEX(DS_GIAOVIEN!B:B,MATCH(B124,DS_GIAOVIEN!B:B,0),1) -> H' Diện Niê

Sheet COI_CHAM_HK1
A1: TT | B1: Họ và tên | C1: Tổng_cộng | D1: Kiểm tra
A2: 1 | B2: Trần Thị Cẩm Linh | C2: 20.3 | D2: =INDEX(DS_GIAOVIEN!B:B,MATCH(COI_CHAM_HK1!B2,DS_GIAOVIEN!B:B,0),1) -> Trần Thị Cẩm Linh
A3: 1 | B3: Huỳnh Thị Ngọc Ánh | C3: 32.7 | D3: =INDEX(DS_GIAOVIEN!B:B,MATCH(COI_CHAM_HK1!B3,DS_GIAOVIEN!B:B,0),1) -> Huỳnh Thị Ngọc Ánh
A4: 1 | B4: Ngô Thị Minh Châu | C4: 25.8 | D4: =INDEX(DS_GIAOVIEN!B:B,MATCH(COI_CHAM_HK1!B4,DS_GIAOVIEN!B:B,0),1) -> Ngô Thị Minh Châu
A5: 1 | B5: Nguyễn Thị Luyên | C5: 25 | D5: =INDEX(DS_GIAOVIEN!B:B,MATCH(COI_CHAM_HK1!B5,DS_GIAOVIEN!B:B,0),1) -> Nguyễn Thị Luyên
A6: 1 | B6: Nguyễn Thị Mai Lan | C6: 29.5 | D6: =INDEX(DS_GIAOVIEN!B:B,MATCH(COI_CHAM_HK1!B6,DS_GIAOVIEN!B:B,0),1) -> Nguyễn Thị Mai Lan
A7: 1 | B7: Đỗ Thùy Dương | C7: 28.6 | D7: =INDEX(DS_GIAOVIEN!B:B,MATCH(COI_CHAM_HK1!B7,DS_GIAOVIEN!B:B,0),1) -> Đỗ Thùy Dương
A8: 1 | B8: Y Wel Ênuôl | C8: 38.2 | D8: =INDEX(DS_GIAOVIEN!B:B,MATCH(COI_CHAM_HK1!B8,DS_GIAOVIEN!B:B,0),1) -> Y Wel Ênuôl
A9: 1 | B9: Đinh Trọng Hiếu | C9: 61.4 | D9: =INDEX(DS_GIAOVIEN!B:B,MATCH(COI_CHAM_HK1!B9,DS_GIAOVIEN!B:B,0),1) -> Đinh Trọng Hiếu
A10: 1 | B10: Nguyễn Văn Độ | C10: 79.32 | D10: =INDEX(DS_GIAOVIEN!B:B,MATCH(COI_CHAM_HK1!B10,DS_GIAOVIEN!B:B,0),1) -> Nguyễn Văn Độ
A11: 1 | B11: Đỗ Thị Kiều Vân | C11: 95.82 | D11: =INDEX(DS_GIAOVIEN!B:B,MATCH(COI_CHAM_HK1!B11,DS_GIAOVIEN!B:B,0),1) -> Đỗ Thị Kiều Vân
A12: 1 | B12: Nguyễn Thành Nguyên | C12: 208.2 | D12: =INDEX(DS_GIAOVIEN!B:B,MATCH(COI_CHAM_HK1!B12,DS_GIAOVIEN!B:B,0),1) -> Nguyễn Thành Nguyên
A13: 1 | B13: Nguyễn Anh Thái | C13: 206.6 | D13: =INDEX(DS_GIAOVIEN!B:B,MATCH(COI_CHAM_HK1!B13,DS_GIAOVIEN!B:B,0),1) -> Nguyễn Anh Thái
... A173: 8 | B173: Lê Thị Hạnh phúc | C173: 42 | D173: =INDEX(DS_GIAOVIEN!B:B,MATCH(COI_CHAM_HK1!B173,DS_GIAOVIEN!B:B,0),1) -> Lê Thị Hạnh Phúc

Sheet COI_CHAM_HK2
A1: TT | B1: Họ và tên | C1: Tổng_cộng | D1: Kiểm tra
A2: 1 | B2: Trần Thị Cẩm Linh | C2: 32 | D2: =INDEX(DS_GIAOVIEN!B:B,MATCH(COI_CHAM_HK2!B2,DS_GIAOVIEN!B:B,0),1) -> Trần Thị Cẩm Linh
A3: 1 | B3: Huỳnh Thị Ngọc Ánh | C3: 15.2 | D3: =INDEX(DS_GIAOVIEN!B:B,MATCH(COI_CHAM_HK2!B3,DS_GIAOVIEN!B:B,0),1) -> Huỳnh Thị Ngọc Ánh
A4: 1 | B4: Ngô Thị Minh Châu | C4: 16.4 | D4: =INDEX(DS_GIAOVIEN!B:B,MATCH(COI_CHAM_HK2!B4,DS_GIAOVIEN!B:B,0),1) -> Ngô Thị Minh Châu
A5: 1 | B5: Nguyễn Thị Luyên | C5: 25.8 | D5: =INDEX(DS_GIAOVIEN!B:B,MATCH(COI_CHAM_HK2!B5,DS_GIAOVIEN!B:B,0),1) -> Nguyễn Thị Luyên
A6: 1 | B6: Nguyễn Thị Mai Lan | C6: 20.1 | D6: =INDEX(DS_GIAOVIEN!B:B,MATCH(COI_CHAM_HK2!B6,DS_GIAOVIEN!B:B,0),1) -> Nguyễn Thị Mai Lan
A7: 1 | B7: Đỗ Thùy Dương | C7: 18.8 | D7: =INDEX(DS_GIAOVIEN!B:B,MATCH(COI_CHAM_HK2!B7,DS_GIAOVIEN!B:B,0),1) -> Đỗ Thùy Dương
A8: 1 | B8: Y Wel Ênuôl | C8: 18.2 | D8: =INDEX(DS_GIAOVIEN!B:B,MATCH(COI_CHAM_HK2!B8,DS_GIAOVIEN!B:B,0),1) -> Y Wel Ênuôl
A9: 1 | B9: Đinh Trọng Hiếu | C9: 12.2 | D9: =INDEX(DS_GIAOVIEN!B:B,MATCH(COI_CHAM_HK2!B9,DS_GIAOVIEN!B:B,0),1) -> Đinh Trọng Hiếu
A10: 1 | B10: Nguyễn Văn Độ | C10: 22.1 | D10: =INDEX(DS_GIAOVIEN!B:B,MATCH(COI_CHAM_HK2!B10,DS_GIAOVIEN!B:B,0),1) -> Nguyễn Văn Độ
A11: 1 | B11: Đỗ Thị Kiều Vân | C11: 22.9 | D11: =INDEX(DS_GIAOVIEN!B:B,MATCH(COI_CHAM_HK2!B11,DS_GIAOVIEN!B:B,0),1) -> Đỗ Thị Kiều Vân
A12: 1 | B12: Nguyễn Thành Nguyên | C12: 57.1 | D12: =INDEX(DS_GIAOVIEN!B:B,MATCH(COI_CHAM_HK2!B12,DS_GIAOVIEN!B:B,0),1) -> Nguyễn Thành Nguyên
A13: 1 | B13: Nguyễn Anh Thái | C13: 36.5 | D13: =INDEX(DS_GIAOVIEN!B:B,MATCH(COI_CHAM_HK2!B13,DS_GIAOVIEN!B:B,0),1) -> Nguyễn Anh Thái
... A173: 8 | B173: Trương Văn Giản | C173: 5.8 | D173: =INDEX(DS_GIAOVIEN!B:B,MATCH(COI_CHAM_HK2!B173,DS_GIAOVIEN!B:B,0),1) -> Trương Văn Giản

Sheet HOC_TAP_DN
A1: TT | B1: Họ và tên | C1: Tổng_cộng | D1: Kiểm tra
A2: 1 | B2: Nguyễn Thị Mộng Linh | C2: =13.5*4 -> 54 | D2: =INDEX(DS_GIAOVIEN!B:B,MATCH(B2,DS_GIAOVIEN!B:B,0),1) -> Nguyễn Thị Mộng Linh
A3: 2 | B3: H' Bai Hmok | C3: =13.5*4 -> 54 | D3: =INDEX(DS_GIAOVIEN!B:B,MATCH(B3,DS_GIAOVIEN!B:B,0),1) -> H' Bai Hmok
A4: 3 | B4: Trịnh Thị Mỹ Hạnh | C4: =13.5*4 -> 54 | D4: =INDEX(DS_GIAOVIEN!B:B,MATCH(B4,DS_GIAOVIEN!B:B,0),1) -> Trịnh Thị Mỹ Hạnh
A5: 4 | B5: Trần Ngọc Điệp | C5: =13.5*4 -> 54 | D5: =INDEX(DS_GIAOVIEN!B:B,MATCH(B5,DS_GIAOVIEN!B:B,0),1) -> Trần Ngọc Điệp
A6: 5 | B6: Phan Bằng Thạch | C6: =13.5*4 -> 54 | D6: =INDEX(DS_GIAOVIEN!B:B,MATCH(B6,DS_GIAOVIEN!B:B,0),1) -> Phan Bằng Thạch
A7: 6 | B7: Vũ Thị Hoài Thanh | C7: =13.5*4 -> 54 | D7: =INDEX(DS_GIAOVIEN!B:B,MATCH(B7,DS_GIAOVIEN!B:B,0),1) -> Vũ Thị Hoài Thanh
A8: 7 | B8: Trần Thị Thơ | C8: =13.5*4 -> 54 | D8: =INDEX(DS_GIAOVIEN!B:B,MATCH(B8,DS_GIAOVIEN!B:B,0),1) -> Trần Thị Thơ
A9: 8 | B9: Trần Thị Thu Thúy | C9: =13.5*4 -> 54 | D9: =INDEX(DS_GIAOVIEN!B:B,MATCH(B9,DS_GIAOVIEN!B:B,0),1) -> Trần Thị Thu Thúy
A10: 9 | B10: Ngô Thị Mỹ Hạnh | C10: =13.5*4 -> 54 | D10: =INDEX(DS_GIAOVIEN!B:B,MATCH(B10,DS_GIAOVIEN!B:B,0),1) -> Ngô Thị Mỹ Hạnh
A11: 10 | B11: Cao Nữ Việt Anh | C11: =13.5*4 -> 54 | D11: =INDEX(DS_GIAOVIEN!B:B,MATCH(B11,DS_GIAOVIEN!B:B,0),1) -> Cao Nữ Việt Anh
A12: 11 | B12: Phạm Tiến Thành | C12: =13.5*4 -> 54 | D12: =INDEX(DS_GIAOVIEN!B:B,MATCH(B12,DS_GIAOVIEN!B:B,0),1) -> Phạm Tiến Thành
A13: 12 | B13: H' Diện Niê | C13: =13.5*4 -> 54 | D13: =INDEX(DS_GIAOVIEN!B:B,MATCH(B13,DS_GIAOVIEN!B:B,0),1) -> H' Diện Niê
... A121: 120 | B121: Ngô Thùy Hương | C121: =13.5*4 -> 54 | D121: =INDEX(DS_GIAOVIEN!B:B,MATCH(B121,DS_GIAOVIEN!B:B,0),1) -> Ngô Thùy Hương

Sheet NGAN_HANG_DE
A1: TT | B1: Họ và tên | C1: Tổng_cộng | D1: Kiểm tra
A2: 1 | B2: Y Khoa Niê Kdăm | C2: 2 | D2: =INDEX(DS_GIAOVIEN!B:B,MATCH(B2,DS_GIAOVIEN!B:B,0),1) -> Y Khoa Niê Kdăm
A3: 2 | B3: Đinh Phú Nguyên | C3: 16 | D3: =INDEX(DS_GIAOVIEN!B:B,MATCH(B3,DS_GIAOVIEN!B:B,0),1) -> Đinh Phú Nguyên
A4: 3 | B4: Lê Văn Tùng | C4: 24 | D4: =INDEX(DS_GIAOVIEN!B:B,MATCH(B4,DS_GIAOVIEN!B:B,0),1) -> Lê Văn Tùng
A5: 4 | B5: Nguyễn Thị Thùy Linh | C5: 10 | D5: =INDEX(DS_GIAOVIEN!B:B,MATCH(B5,DS_GIAOVIEN!B:B,0),1) -> Nguyễn Thị Thùy Linh
A6: 5 | B6: Dương Duy Hậu | C6: 48 | D6: =INDEX(DS_GIAOVIEN!B:B,MATCH(B6,DS_GIAOVIEN!B:B,0),1) -> Dương Duy Hậu
A7: 6 | B7: Dương Thị Thúy Hoàng | C7: 6 | D7: =INDEX(DS_GIAOVIEN!B:B,MATCH(B7,DS_GIAOVIEN!B:B,0),1) -> Dương Thị Thúy Hoàng
A8: 7 | B8: Hoàng Thị Mền | C8: 8 | D8: =INDEX(DS_GIAOVIEN!B:B,MATCH(B8,DS_GIAOVIEN!B:B,0),1) -> Hoàng Thị Mền
A9: 8 | B9: Lê Thị Hạnh | C9: 8 | D9: =INDEX(DS_GIAOVIEN!B:B,MATCH(B9,DS_GIAOVIEN!B:B,0),1) -> Lê Thị Hạnh
A10: 9 | B10: Nguyễn Bá Hoàn | C10: 14 | D10: =INDEX(DS_GIAOVIEN!B:B,MATCH(B10,DS_GIAOVIEN!B:B,0),1) -> Nguyễn Bá Hoàn
A11: 10 | B11: Nguyễn Đức Anh | C11: 20 | D11: =INDEX(DS_GIAOVIEN!B:B,MATCH(B11,DS_GIAOVIEN!B:B,0),1) -> Nguyễn Đức Anh
A12: 11 | B12: Nguyễn Như Kiên | C12: 42 | D12: =INDEX(DS_GIAOVIEN!B:B,MATCH(B12,DS_GIAOVIEN!B:B,0),1) -> Nguyễn Như Kiên
A13: 12 | B13: Nguyễn Thị Ái Nhi | C13: 12 | D13: =INDEX(DS_GIAOVIEN!B:B,MATCH(B13,DS_GIAOVIEN!B:B,0),1) -> Nguyễn Thị Ái Nhi
... A151: 150 | B151: Nguyễn Thị Miền | C151: 8 | D151: =INDEX(DS_GIAOVIEN!B:B,MATCH(B151,DS_GIAOVIEN!B:B,0),1) -> Nguyễn Thị Miền

Sheet DS_GIAOVIEN
A1: Magv | B1: Họ và tên | C1: Chức vụ_HT
A2: 1001 | B2: Vũ Hùng Mạnh | C2: TK
A3: 1002 | B3: Mai Thị Tố Quyên | C3: PTK
A4: 1003 | B4: Đoàn Minh Hùng | C4: PTK
A5: 1004 | B5: Bùi Ngọc Anh | C5: GV
A6: 1005 | B6: Lê Thị Thu Dung | C6: GV
A7: 1006 | B7: Y Thao Êban | C7: GV
A8: 1007 | B8: Nguyễn Thị Việt Hà | C8: GV
A9: 1008 | B9: Trần Thị Thu Hiền | C9: GV
A10: 1009 | B10: Trịnh Thị Thu Hiền | C10: GV
A11: 1010 | B11: Trần Thị Thanh Huyền | C11: GV
A12: 1011 | B12: Nhữ Thị Thu Hương | C12: GV
A13: 1012 | B13: H Nhin Kbuôr | C13: GV
A14: 1013 | B14: Phạm Thị Phương Lan | C14: GV
... A236: 9036 | B236: Bùi Văn Bảy | C236: TP
