Workbook

Sheet MA_NGHE
A1: MÃ_QUY_ĐỊNH | B1: MÃ_NGHỀ | C1: TÊN_NGHỀ | D1: MÃ_CĐ_TC | E1: TÊN_CĐ_TC
A2: 5620116 | B2: BVTV | C2: Bảo vệ thực vật | D2: T.BVTV | E2: TC.BẢO VỆ THỰC VẬT
A3: 5520121 | B3: CGKL | C3: Cắt gọt kim loại | D3: T.CGKL | E3: TC.CẮT GỌT KIM LOẠI
A4: 6510202 | B4: KTOT | C4: Công nghệ kỹ thuật ô tô | D4: C.KTOT | E4: CĐ.CÔNG NGHỆ KỸ THUẬT Ô TÔ
A5: 5520205 | B5: KTML | C5: Kỹ thuật máy lạnh và điều hoà không khí | D5: T.KTML | E5: TC.KỸ THUẬT MÁY LẠNH VÀ ĐIỀU HOÀ KHÔNG KHÍ
A6: 5540125 | B6: CPCC | C6: Chế biến cà phê, ca cao | D6: T.CPCC | E6: TC.CHẾ BIẾN CÀ PHÊ, CA CAO
A7: 5480105 | B7: PCMT | C7: Công nghệ kỹ thuật phần cứng máy tính | D7: T.PCMT | E7: TC.CÔNG NGHỆ KỸ THUẬT PHẦN CỨNG MÁY TÍNH
A8: 5480202 | B8: CNTT | C8: Công nghệ thông tin (ứng dụng phần mềm) | D8: T.CNTT | E8: TC.CÔNG NGHỆ THÔNG TIN (ỨNG DỤNG PHẦN MỀM)
A9: 6640101 | B9: THUY | C9: Thú y | D9: C.THUY | E9: CĐ.THÚ Y
A10: 6540205 | B10: MAY | C10: May thời trang | D10: C.MAY | E10: CĐ.MAY THỜI TRANG
A11: 6520123 | B11: HAN | C11: Hàn | D11: C.HAN | E11: CĐ.HÀN
A12: 6520205 | B12: KTML | C12: Kỹ thuật máy lạnh và điều hoà không khí | D12: C.KTML | E12: CĐ.KỸ THUẬT MÁY LẠNH VÀ ĐIỀU HOÀ KHÔNG KHÍ
A13: 6480202 | B13: CNTTU | C13: Công nghệ thông tin (ứng dụng phần mềm) | D13: C.CNTTU | E13: CĐ.CÔNG NGHỆ THÔNG TIN (ỨNG DỤNG PHẦN MỀM)
... A38: 5510303 | B38: KĐT | C38: Công nghệ kỹ thuật điện, điện tử | D38: T.KĐT | E38: TC.CÔNG NGHỆ KỸ THUẬT ĐIỆN, ĐIỆN TỬ

Sheet TEN_LOP
A1: STT | B1: LỚP_HỌC | C1: MÃ_NGHỀ | D1: TÊN_NGHỀ | E1: MÃ NGHỀ
A2: 1 | B2: 49T.BVTV | C2: BVTV | D2: BẢO VỆ THỰC VẬT | E2: =LEFT(B2,2)&"_"&INDEX(MA_NGHE!A:A,MATCH(TEN_LOP!C2,MA_NGHE!B:B,0),1)&"_"&IF(ISNUMBER(MATCH(RIGHT(B2,1), {"1","2","3","4","5"}, 0)), RIGHT(B2,1), "0") -> 49_5620116_0
A3: 2 | B3: 49T.CBMA | C3: CBMA | D3: CHẾ BIẾN MÓN ĂN | E3: =LEFT(B3,2)&"_"&INDEX(MA_NGHE!A:A,MATCH(TEN_LOP!C3,MA_NGHE!B:B,0),1)&"_"&IF(ISNUMBER(MATCH(RIGHT(B3,1), {"1","2","3","4","5"}, 0)), RIGHT(B3,1), "0") -> 49_5810207_0
A4: 3 | B4: 49T.CGKL | C4: CGKL | D4: CẮT GỌT KIM LOẠI | E4: =LEFT(B4,2)&"_"&INDEX(MA_NGHE!A:A,MATCH(TEN_LOP!C4,MA_NGHE!B:B,0),1)&"_"&IF(ISNUMBER(MATCH(RIGHT(B4,1), {"1","2","3","4","5"}, 0)), RIGHT(B4,1), "0") -> 49_5520121_0
A5: 4 | B5: 49T.CNOT1 | C5: CNOT | D5: CÔNG NGHỆ Ô TÔ | E5: =LEFT(B5,2)&"_"&INDEX(MA_NGHE!A:A,MATCH(TEN_LOP!C5,MA_NGHE!B:B,0),1)&"_"&IF(ISNUMBER(MATCH(RIGHT(B5,1), {"1","2","3","4","5"}, 0)), RIGHT(B5,1), "0") -> 49_6510216_1
A6: 5 | B6: 49T.CNOT2 | C6: CNOT | D6: CÔNG NGHỆ Ô TÔ | E6: =LEFT(B6,2)&"_"&INDEX(MA_NGHE!A:A,MATCH(TEN_LOP!C6,MA_NGHE!B:B,0),1)&"_"&IF(ISNUMBER(MATCH(RIGHT(B6,1), {"1","2","3","4","5"}, 0)), RIGHT(B6,1), "0") -> 49_6510216_2
A7: 6 | B7: 49T.CNOT3 | C7: CNOT | D7: CÔNG NGHỆ Ô TÔ | E7: =LEFT(B7,2)&"_"&INDEX(MA_NGHE!A:A,MATCH(TEN_LOP!C7,MA_NGHE!B:B,0),1)&"_"&IF(ISNUMBER(MATCH(RIGHT(B7,1), {"1","2","3","4","5"}, 0)), RIGHT(B7,1), "0") -> 49_6510216_3
A8: 7 | B8: 49T.CNOT4 | C8: CNOT | D8: CÔNG NGHỆ Ô TÔ | E8: =LEFT(B8,2)&"_"&INDEX(MA_NGHE!A:A,MATCH(TEN_LOP!C8,MA_NGHE!B:B,0),1)&"_"&IF(ISNUMBER(MATCH(RIGHT(B8,1), {"1","2","3","4","5"}, 0)), RIGHT(B8,1), "0") -> 49_6510216_4
A9: 8 | B9: 49T.CNOT5 | C9: CNOT | D9: CÔNG NGHỆ Ô TÔ | E9: =LEFT(B9,2)&"_"&INDEX(MA_NGHE!A:A,MATCH(TEN_LOP!C9,MA_NGHE!B:B,0),1)&"_"&IF(ISNUMBER(MATCH(RIGHT(B9,1), {"1","2","3","4","5"}, 0)), RIGHT(B9,1), "0") -> 49_6510216_5
A10: 9 | B10: 49T.CNTT1 | C10: CNTT | D10: CÔNG NGHỆ THÔNG TIN | E10: =LEFT(B10,2)&"_"&INDEX(MA_NGHE!A:A,MATCH(TEN_LOP!C10,MA_NGHE!B:B,0),1)&"_"&IF(ISNUMBER(MATCH(RIGHT(B10,1), {"1","2","3","4","5"}, 0)), RIGHT(B10,1), "0") -> 49_5480202_1
A11: 10 | B11: 49T.CNTT2 | C11: CNTT | D11: CÔNG NGHỆ THÔNG TIN | E11: =LEFT(B11,2)&"_"&INDEX(MA_NGHE!A:A,MATCH(TEN_LOP!C11,MA_NGHE!B:B,0),1)&"_"&IF(ISNUMBER(MATCH(RIGHT(B11,1), {"1","2","3","4","5"}, 0)), RIGHT(B11,1), "0") -> 49_5480202_2
A12: 11 | B12: 49T.CNTT3 | C12: CNTT | D12: CÔNG NGHỆ THÔNG TIN | E12: =LEFT(B12,2)&"_"&INDEX(MA_NGHE!A:A,MATCH(TEN_LOP!C12,MA_NGHE!B:B,0),1)&"_"&IF(ISNUMBER(MATCH(RIGHT(B12,1), {"1","2","3","4","5"}, 0)), RIGHT(B12,1), "0") -> 49_5480202_3
A13: 12 | B13: 49T.CPCC | C13: CPCC | D13: CHẾ BIẾN CÀ PHÊ, CA CAO | E13: =LEFT(B13,2)&"_"&INDEX(MA_NGHE!A:A,MATCH(TEN_LOP!C13,MA_NGHE!B:B,0),1)&"_"&IF(ISNUMBER(MATCH(RIGHT(B13,1), {"1","2","3","4","5"}, 0)), RIGHT(B13,1), "0") -> 49_5540125_0
... A115: 114 | B115: 51C.HAN | C115: HAN | D115: HÀN | E115: =LEFT(B115,2)&"_"&INDEX(MA_NGHE!A:A,MATCH(TEN_LOP!C115,MA_NGHE!B:B,0),1)&"_"&IF(ISNUMBER(MATCH(RIGHT(B115,1), {"1","2","3","4","5"}, 0)), RIGHT(B115,1), "0") -> 51_6520123_0
